artist,collaborators,followers
Carin Leon,Grupo Frontera,
Grupo Frontera,"Yahritza Y Su Esencia, Carin Leon, Grupo Marca Registrada, Bad Bunny, Fuerza Regida, Peso Pluma",
Arijit Singh,"Sachin-Jigar, Amitabh Bhattacharya, Sukriti Kakar, Vishal Dadlani, Shekhar Ravjiani, Amitabha Bhattacharya, Pritam, Vishal-Shekhar, Kumaar",
Vishal Dadlani,"Shilpa Rao, Sukriti Kakar, Arijit Singh, Shekhar Ravjiani, Vishal-Shekhar, Caralisa Monteiro, Kumaar",
Sukriti Kakar,"Vishal Dadlani, Arijit Singh, Shekhar Ravjiani, Vishal-Shekhar, Kumaar",
Vishal-Shekhar,"Shilpa Rao, Sukriti Kakar, Vishal Dadlani, Arijit Singh, Shekhar Ravjiani, Caralisa Monteiro, Kumaar",
Shekhar Ravjiani,"Shilpa Rao, Sukriti Kakar, Vishal Dadlani, Arijit Singh, Vishal-Shekhar, Caralisa Monteiro, Kumaar",
Kumaar,"Shilpa Rao, Sukriti Kakar, Vishal Dadlani, Arijit Singh, Shekhar Ravjiani, Vishal-Shekhar, Caralisa Monteiro",
Sog,"Peso Pluma, Ryan Castro",
Ryan Castro,"Sog, Peso Pluma",
Peso Pluma,"Bizarrap, Becky G, BLESSD, Fuerza Regida, Natanael Cano, Eslabon Armado, Gabito Ballesteros, Sog, Yng Lvcas, Grupo Frontera, Ryan Castro, Junior H, Luis R Conriquez",
Mc Pedrinho,"Pedro Sampaio, DJ 900",
DJ 900,Mc Pedrinho,
Post Malone,"Roddy Ricch, The Weeknd, Doja Cat, Swae Lee",
Karol G,"Romeo Santos, Shakira, Maldy, Ovy On The Drums, Quevedo, Becky G",
Troye Sivan,,
Offset,"Metro Boomin, Lil Wayne, Swae Lee, JID",
JID,"Offset, League of Legends, Imagine Dragons, Arcane",
NewJeans,,
Taylor Swift,"Ed Sheeran, Lana Del Rey, Ice Spice",
Billie Eilish,Khalid,
Natanael Cano,"Gabito Ballesteros, Fuerza Regida, Peso Pluma",
The Weeknd,"21 Savage, Tyler, Daft Punk, Playboi Carti, Future, Swedish House Mafia, Doja Cat, Metro Boomin, Ariana Grande, Lil Wayne, Post Malone, Gesaffelstein, Rosalia, The Creator, Lana Del Rey, Madonna",
Morgan Wallen,"Lil Durk, Eric Church",
WizKid,"Don Toliver, Beam, Toian, Metro Boomin, Kyla, Drake",
Toian,"Metro Boomin, Beam, Don Toliver, WizKid",
Metro Boomin,"A$AP Rocky, Beam, NAV, A Boogie Wit da Hoodie, Lil Uzi Vert, Offset, Future, 21 Savage, The Weeknd, Young Thug, Roisee, Travis Scott, Don Toliver, Toian, Lil Wayne, Coi Leray, Chris Brown, WizKid, John Legend, James Blake, Swae Lee",
Don Toliver,"WizKid, SZA, Beam, Toian, Metro Boomin, Justin Bieber, Future",
Beam,"Metro Boomin, Don Toliver, Toian, WizKid",
Kendrick Lamar,"Sam Dew, Jay Rock, Tanna Leone, Taylour Paige, Beth Gibbons, Beyonce, Kodak Black, Blxst, Summer Walker, Ghostface Killah, Baby Keem, Amanda Reifer, Sampha",
Beth Gibbons,Kendrick Lamar,
RM,Colde,
Colde,RM,
Future,"Lil Uzi Vert, Chris Brown, Tems, Don Toliver, The Weeknd, Gunna, Metro Boomin, Drake, Young Thug, Justin Bieber",
Lil Uzi Vert,"Metro Boomin, sped up nightcore, ARIZONATEARS, Future",
Jung Kook,"Latto, Charlie Puth, FIFA Sound, BTS",
James Blake,Metro Boomin,
Mc Livinho,DJ Matt D,
DJ Matt D,Mc Livinho,
Ed Sheeran,"Fireboy DML, J Balvin, Camila Cabello, Elton John, Taylor Swift",
Semicenk,Doï¿½ï¿½u,
Maria Becerra,"FMK, J Balvin, NICKI NICOLE, Duki, Lit Killah, Tiago pzk, Big One, Rusherking, Emilia, Tini",
Lil Durk,"Morgan Wallen, Kanye West, J. Cole, Cardi B",
Ice Spice,"PinkPantheress, Aqua, Nicki Minaj, Taylor Swift",
Yandel,Feid,
Feid,"Nicky Jam, Ozuna, Sean Paul, Jhayco, Yandel, Alejo, Sech, Sky Rompiendo, Paloma Mami, Saiko, Young Miko, Pailita, De La Ghetto, Paulo Londra, Robi, Mora, Quevedo, Polima WestCoast, Myke Towers",
Shubh,,
SZA,"Travis Scott, Phoebe Bridgers, Don Toliver, Doja Cat",
Mambo Kingz,"DJ Luian, Anuel Aa",
DJ Luian,"Anuel Aa, Mambo Kingz",
Anuel Aa,"Mambo Kingz, Chris Jedi, Myke Towers, Jhay Cortez, DJ Luian, Nengo Flow, Chencho Corleone",
Halsey,"Justin Timberlake, BTS, Calvin Harris, Pharrell Williams, Suga, The Chainsmokers",
Suga,"Halsey, PSY",
NF,,
KALUSH,,
BIGBANG,,
Sachin-Jigar,"Shadab Faridi, Amitabh Bhattacharya, Arijit Singh, Varun Jain, Amitabha Bhattacharya, Altamash Faridi",
Shadab Faridi,"Sachin-Jigar, Amitabh Bhattacharya, Varun Jain, Altamash Faridi",
Altamash Faridi,"Sachin-Jigar, Shadab Faridi, Amitabh Bhattacharya, Varun Jain",
Amitabh Bhattacharya,"Sachin-Jigar, Shadab Faridi, Arijit Singh, Varun Jain, Altamash Faridi, Pritam",
Varun Jain,"Sachin-Jigar, Shadab Faridi, Amitabh Bhattacharya, Altamash Faridi",
Rauw Alejandro,"Chris Brown, Bizarrap, Lyanno, Shakira, Baby Rasta, Alvaro Diaz, Bad Bunny, Rvssian, Rosalia, Brray, Chencho Corleone",
Bizarrap,"Paulo Londra, Residente, Rauw Alejandro, Arcangel, Shakira, Tiago pzk, Peso Pluma, Quevedo, Villano Antillano",
Sam Ryder,,
Gunna,"Lil Baby, 21 Savage, Future, Young Thug",
Lil Baby,"Drake, Nicki Minaj, DJ Khaled, Gunna",
Junior H,"Oscar Maydon, Grupo Marca Registrada, El Chachito, Peso Pluma, Gabito Ballesteros, Eden Muï¿½ï",
Beyonce,Kendrick Lamar,
Mora,"Feid, Sech, Bad Bunny, Saiko, Quevedo",
Saiko,"Quevedo, Feid, Mora",
Quevedo,"Bizarrap, Feid, Mora, La Pantera, Duki, Cruz Cafunï¿½ï¿½, Juseph, De La Ghetto, Abhir Hathi, Saiko, Ovy On The Drums, Myke Towers, Jhayco, Bï¿½ï¿½jo, Karol G",
Peggy Gou,,
Nicky Jam,Feid,
Ayparia,unxbected,
unxbected,Ayparia,
Tyler,"21 Savage, Kali Uchis, Pharrell Williams, The Weeknd, The Creator",
The Creator,"21 Savage, Tyler, Kali Uchis, Pharrell Williams, The Weeknd",
Tanna Leone,Kendrick Lamar,
Eric Church,Morgan Wallen,
Lana Del Rey,"The Weeknd, Taylor Swift",
21 Savage,"Travis Scott, Tyler, Pharrell Williams, The Weeknd, Gunna, Metro Boomin, Project Pat, Drake, The Creator",
Jhayco,"Quevedo, Feid, Sech",
Tainy,"Bad Bunny, Julieta Venegas",
Bad Bunny,"Julieta Venegas, J Balvin, Arcangel, Nio Garcia, Tony Dize, Rauw Alejandro, Eladio Carrion, Sech, Jhay Cortez, Daddy Yankee, Nengo Flow, Buscabulla, Gorillaz, The Marï¿½ï, Mora, Aventura, Grupo Frontera, Tainy, Chencho Corleone",
Amitabha Bhattacharya,"Sachin-Jigar, Arijit Singh",
Nicki Minaj,"Lil Baby, Aqua, Ice Spice",
Eminem,"Nate Dogg, Dr. Dre, Dina Rae, Dido",
Dr. Dre,"2Pac, Eminem, Snoop Dogg, Roger",
Aqua,"Nicki Minaj, Ice Spice",
Stray Kids,,
Chanel,,
Melanie Martinez,,
Jack Black,,
Taylour Paige,Kendrick Lamar,
Treyce,,
Coi Leray,"Metro Boomin, Anne-Marie, David Guetta",
Abhijay Sharma,Riar Saab,
Riar Saab,Abhijay Sharma,
SiM,,
Ludwig Goransson,Foudeqush,
Foudeqush,Ludwig Goransson,
MC Caverinha,KayBlack,
KayBlack,MC Caverinha,
Paulo Londra,"Bizarrap, Feid",
Camila Cabello,"Ed Sheeran, Shawn Mendes, Willow",
Willow,"THE ANXIETY, Camila Cabello, Tyler Cole",
ENHYPEN,,
Ghostface Killah,"Kendrick Lamar, Summer Walker",
Summer Walker,"Kendrick Lamar, Ghostface Killah",
TAEYANG,"Lisa, Jimin",
Lisa,TAEYANG,
Kanii,PR1ISVX,
PR1ISVX,Kanii,
John Legend,Metro Boomin,
Fuerza Regida,"Chino Pacas, Grupo Frontera, Peso Pluma, Natanael Cano",
Skrillex,"Fred again.., Flowdan",
Flowdan,"Skrillex, Fred again..",
Fred again..,"Skrillex, Flowdan",
BTS,"Charlie Puth, Snoop Dogg, Coldplay, Halsey, Jung Kook, Benny Blanco, FIFA Sound",
Veigh,"Bvga Beatz, Prod Malax, Supernova Ent",
Bvga Beatz,"Prod Malax, Veigh, Supernova Ent",
Supernova Ent,"Bvga Beatz, Prod Malax, Veigh",
Prod Malax,"Bvga Beatz, Veigh, Supernova Ent",
Marshmello,"Khalid, Manuel Turizo, Jonas Brothers, Juice WRLD",
Juice WRLD,Marshmello,
Kanye West,"Cardi B, XXXTENTACION, Alicia Keys, Lil Durk, Fivio Foreign",
Cardi B,"Kanye West, Lil Durk",
Sam Dew,"Kendrick Lamar, Baby Keem",
Baby Keem,"Kendrick Lamar, Sam Dew",
Gabito Ballesteros,"Natanael Cano, Peso Pluma, Junior H",
Swae Lee,"Offset, Metro Boomin, Lil Wayne, Post Malone, NAV, A Boogie Wit da Hoodie",
Lil Wayne,"Metro Boomin, Offset, The Weeknd, Swae Lee",
Styrx,"utku INC, Thezth",
utku INC,"Thezth, Styrx",
Thezth,"utku INC, Styrx",
SEVENTEEN,,
Selena Gomez,,
Nile Rodgers,"Daft Punk, Pharrell Williams, LE SSERAFIM",
LE SSERAFIM,Nile Rodgers,
Drake,"Travis Scott, Tems, 21 Savage, WizKid, DJ Khaled, Lil Baby, Project Pat, Kyla, Young Thug, Future",
MC Xenon,Os Gemeos da Putaria,
Os Gemeos da Putaria,MC Xenon,
A$AP Rocky,"Metro Boomin, Roisee",
Roisee,"A$AP Rocky, Metro Boomin",
Residente,Bizarrap,
Doechii,,
IU,Agust D,
Agust D,IU,
Burna Boy,,
(G)I-DLE,,
Sofia Carson,,
Arcangel,"Bizarrap, Lenny Tavï¿½ï¿½rez, Rich Music, Sech, Bad Bunny, Dalex, Dimelo Flow, Justin Quiles, De La Ghetto",
sped up 8282,,
Sam Smith,"Kim Petras, Calvin Harris, Jessie Reyez",
Calvin Harris,"Dua Lipa, Justin Timberlake, Jessie Reyez, Halsey, Pharrell Williams, Ellie Goulding, Rihanna, Young Thug, Sam Smith",
Jessie Reyez,"Calvin Harris, Sam Smith",
Justin Bieber,"Don Toliver, Daniel Caesar, The Kid Laroi, Giveon, Future",
J Balvin,"Nio Garcia, Ed Sheeran, Bad Bunny, Maria Becerra",
Alicia Keys,"Kanye West, Fivio Foreign",
Fivio Foreign,"Kanye West, Alicia Keys",
TOMORROW X TOGETHER,,
Myke Towers,"Feid, Quevedo, Sky Rompiendo, Jhay Cortez, Anuel Aa",
Sky Rompiendo,"Myke Towers, Feid",
Stromae,,
Kevin Gates,Juicy J,
Juicy J,Kevin Gates,
A Boogie Wit da Hoodie,"Metro Boomin, NAV, Swae Lee",
NAV,"Metro Boomin, Swae Lee, A Boogie Wit da Hoodie",
Phoebe Bridgers,SZA,
Travis Scott,"21 Savage, SZA, Metro Boomin, Drake, Young Thug",
dennis,MC Kevin o Chris,
MC Kevin o Chris,dennis,
Kaliii,Kaliii,
Sean Paul,"Dua Lipa, Feid",
Lil Yachty,,
Madonna,"Playboi Carti, The Weeknd",
Playboi Carti,"The Weeknd, Madonna",
Chino Pacas,Fuerza Regida,
j-hope,J. Cole,
J. Cole,"Lil Durk, j-hope",
Labrinth,Zendaya,
Ak4:20,"Pailita, Cris Mj",
Cris Mj,"NICKI NICOLE, Duki, Standly, Ak4:20, Stars Music Chile, Pailita",
Steve Aoki,"La Joaqui, Tini",
Tini,"Maria Becerra, Steve Aoki, La Joaqui, Anitta, L-Gante, Becky G",
La Joaqui,"Steve Aoki, Tini",
Ugly Dray,Tesla Jnr,
Tesla Jnr,Ugly Dray,
Anitta,"Becky G, Tini",
Becky G,"Karol G, Peso Pluma, Anitta, Tini",
Baby Tate,,
Big One,"FMK, Duki, Maria Becerra, Lit Killah, Tiago pzk, Rusherking, Ke personajes, Emilia",
Duki,"FMK, NICKI NICOLE, Maria Becerra, Standly, Lit Killah, Tiago pzk, Big One, Rusherking, Stars Music Chile, Quevedo, Emilia, De La Ghetto, Cris Mj",
Lit Killah,"FMK, NICKI NICOLE, Maria Becerra, Duki, Tiago pzk, Big One, Rusherking, Emilia",
FMK,"Maria Becerra, Duki, Lit Killah, Tiago pzk, Big One, Rusherking, Ke personajes, Emilia",
Rusherking,"FMK, Maria Becerra, Duki, Lit Killah, Tiago pzk, Big One, Emilia",
Emilia,"FMK, Maria Becerra, Duki, Lit Killah, Tiago pzk, Big One, Rusherking",
Tiago pzk,"Bizarrap, FMK, NICKI NICOLE, Maria Becerra, Duki, Ozuna, Lit Killah, Big One, Rusherking, Trueno, Emilia",
Shakira,"Bizarrap, Rauw Alejandro, Ozuna, David Guetta, Karol G, Black Eyed Peas",
IVE,,
Kodak Black,"Kendrick Lamar, JVKE, NLE Choppa, Jimin, Muni Long",
Pharrell Williams,"Justin Timberlake, 21 Savage, Tyler, Calvin Harris, Halsey, Daft Punk, Nile Rodgers, The Creator",
Justin Timberlake,"Calvin Harris, Pharrell Williams, Halsey",
David Kushner,,
Rosalia,"Rauw Alejandro, Wisin & Yandel, The Weeknd",
Yahritza Y Su Esencia,Grupo Frontera,
BLESSD,Peso Pluma,
Nat King Cole,,
Sampha,Kendrick Lamar,
Dua Lipa,"Megan Thee Stallion, DaBaby, Calvin Harris, Pnau, Sean Paul, Young Thug, Elton John",
Mc Vitin Da Igrejinha,"DJ Win, MC Tairon",
MC Tairon,"Mc Vitin Da Igrejinha, DJ Win",
DJ Win,"Mc Vitin Da Igrejinha, MC Tairon",
Nessa Barrett,,
NLE Choppa,"JVKE, Kodak Black, Jimin, Muni Long",
Muni Long,"JVKE, Kodak Black, Jimin, NLE Choppa",
JVKE,"Kodak Black, Jimin, Muni Long, NLE Choppa",
Jimin,"JVKE, NLE Choppa, HA SUNG WOON, TAEYANG, Kodak Black, Muni Long",
Sech,"Feid, Mora, Arcangel, Lenny Tavï¿½ï¿½rez, Rich Music, Bad Bunny, Dalex, Justin Quiles, Dimelo Flow, Jhayco, De La Ghetto",
P!nk,,
Leo Santana,,
Mahmood,Blanco,
Blanco,Mahmood,
NMIXX,,
Elton John,"Dua Lipa, Ed Sheeran, Pnau, Britney Spears",
Mabel Matiz,Mert Demir,
Mert Demir,Mabel Matiz,
Jessi,,
Harry Styles,,
Raim Laode,,
Ozuna,"Feid, Shakira, Tiago pzk",
Israel & Rodolffo,"Ana Castela, Mari Fernandez",
Mari Fernandez,"Israel & Rodolffo, Gustavo Mioto",
teto,,
Fifty Fifty,,
Olivia Rodrigo,,
Shilpa Rao,"Vishal Dadlani, Shekhar Ravjiani, Vishal-Shekhar, Caralisa Monteiro, Kumaar",
Caralisa Monteiro,"Shilpa Rao, Vishal Dadlani, Shekhar Ravjiani, Vishal-Shekhar, Kumaar",
Rosa Walton,Hallie Coggins,
Hallie Coggins,Rosa Walton,
Latto,Jung Kook,
Ke personajes,"Big One, FMK",
Mainstreet,Chefin,
Chefin,Mainstreet,
YOASOBI,,
Niall Horan,,
Charlie Puth,"Jung Kook, BTS",
Grupo Marca Registrada,"Grupo Frontera, Junior H",
The Kid Laroi,Justin Bieber,
YEAT,,
Gorillaz,Bad Bunny,
Jack Harlow,Lil Nas X,
Tyga,Doja Cat,
Doja Cat,"The Weeknd, SZA, Post Malone, Tyga",
Simone Mendes,,
Southstar,,
Stephanie Beatriz,"Encanto - Cast, Carolina Gaitan, Diane Guerrero, Rhenzy Feliz, Mauro Castillo, Adassa, Olga Merediz",
Diane Guerrero,"Carolina Gaitan, Stephanie Beatriz, Rhenzy Feliz, Mauro Castillo, Adassa, Encanto - Cast",
Kenia OS,,
PinkPantheress,Ice Spice,
SALES,,
Kaifi Khalil,,
Luke Combs,,
Daddy Yankee,Bad Bunny,
Fran C,"Polima WestCoast, Pablito Pesadilla, Nickoog Clk",
Polima WestCoast,"Feid, Pablito Pesadilla, Pailita, Fran C, Nickoog Clk, Paloma Mami, De La Ghetto",
Nickoog Clk,"Polima WestCoast, Fran C, Pablito Pesadilla",
Pablito Pesadilla,"Polima WestCoast, Fran C, Nickoog Clk",
Sleepy hallow,347aidan,
347aidan,Sleepy hallow,
Cartel De Santa,La Kelly,
La Kelly,Cartel De Santa,
Victor Cibrian,,
Jain,,
Mae Stephens,,
Mahalini,,
Bellakath,,
DJ Khaled,"Lil Baby, Drake",
DJ Escobar,"MC MENOR SG, MC MENOR HR",
MC MENOR SG,"DJ Escobar, MC MENOR HR",
MC MENOR HR,"MC MENOR SG, DJ Escobar",
L7nnon,"DJ Biel do Furduncinho, Bianca",
DJ Biel do Furduncinho,"Bianca, L7nnon",
Bianca,"DJ Biel do Furduncinho, L7nnon",
Jhay Cortez,"Myke Towers, Bad Bunny, Anuel Aa",
David Guetta,"Bebe Rexha, Becky Hill, Shakira, Anne-Marie, Ella Henderson, Coi Leray, Black Eyed Peas",
Anne-Marie,"Coi Leray, David Guetta",
De La Ghetto,"Feid, Arcangel, Duki, Lenny Tavï¿½ï¿½rez, Rich Music, Sech, Polima WestCoast, Paloma Mami, Dalex, Justin Quiles, Dimelo Flow, Quevedo, Pailita",
Frank Sinatra,B. Swanson Quartet,
Anggi Marito,,
Gwen Stefani,Blake Shelton,
Blake Shelton,Gwen Stefani,
Hotel Ugly,,
Treasure,,
Sidhu Moose Wala,,
Dave,Central Cee,
Central Cee,Dave,
RAYE,070 Shake,
070 Shake,RAYE,
Suki Waterhouse,,
Keisya Levronka,,
Lauren Spencer Smith,Lauren Spencer Smith,
Olga Merediz,"Encanto - Cast, Stephanie Beatriz",
Encanto - Cast,"Carolina Gaitan, Diane Guerrero, Stephanie Beatriz, Rhenzy Feliz, Mauro Castillo, Adassa, Olga Merediz",
Leah Kate,,
MC Ryan SP,"Love Funk, Mc Paiva ZS",
Love Funk,"Mc Paiva ZS, MC Ryan SP",
Mc Paiva ZS,"Love Funk, MC Ryan SP",
TWICE,,
Young Thug,"Travis Scott, Dua Lipa, Calvin Harris, Gunna, Metro Boomin, Drake, Future",
Lil Tjay,,
Melody,"Ana Castela, Dj Chris No Beat",
Ana Castela,"AgroPlay, Dj Chris No Beat, Melody, Israel & Rodolffo",
Dj Chris No Beat,"Ana Castela, Melody",
Yng Lvcas,Peso Pluma,
XXXTENTACION,Kanye West,
Musical Youth,,
Blackbear,BoyWithUke,
BoyWithUke,Blackbear,
El Chachito,Junior H,
Trueno,Tiago pzk,
Freddie Dredd,,
L-Gante,Tini,
Loreen,,
Steve Lacy,,
Tulus,,
Jin,,
sped up nightcore,"Lil Uzi Vert, ARIZONATEARS",
ARIZONATEARS,"sped up nightcore, Lil Uzi Vert",
Pedro Sampaio,Mc Pedrinho,
Ovy On The Drums,"Quevedo, Karol G",
Alvaro Diaz,Rauw Alejandro,
Kenshi Yonezu,,
Ellie Goulding,Calvin Harris,
PSY,Suga,
Twisted,Oliver Tree,
Oliver Tree,"Twisted, Robin Schulz",
Nayeon,,
Snoop Dogg,"Benny Blanco, Dr. Dre, BTS",
Benny Blanco,"BTS, Snoop Dogg",
Yung Gravy,,
Oxlade,,
Gustavo Mioto,Mari Fernandez,
Standly,"NICKI NICOLE, Duki, Stars Music Chile, Cris Mj",
Stars Music Chile,"NICKI NICOLE, Duki, Standly, Cris Mj",
Mï¿½ï¿½ne,,
Emmy Meli,,
Katy Perry,Alesso,
Alesso,Katy Perry,
Omar Apollo,,
Migrantes,"Nico Valdi, LiL CaKe",
LiL CaKe,"Migrantes, Nico Valdi",
Nico Valdi,"Migrantes, LiL CaKe",
JISOO,,
AgroPlay,Ana Castela,
BLACKPINK,,
Yuridia,Angela Aguilar,
Angela Aguilar,Yuridia,
AnnenMayKantereit,Giant Rooks,
Giant Rooks,AnnenMayKantereit,
Blxst,"Kendrick Lamar, Amanda Reifer",
Amanda Reifer,"Kendrick Lamar, Blxst",
Lady Gaga,Bradley Cooper,
Lewis Capaldi,,
HA SUNG WOON,Jimin,
Yung Lean,,
Black Eyed Peas,"Shakira, David Guetta",
Darlene Love,,
Interplanetary Criminal,Eliza Rose,
Eliza Rose,Interplanetary Criminal,
Mac DeMarco,,
LF System,,
Kevin Kaarl,,
Rex Orange County,,
Jnr Choi,,
Chuck Berry,,
Joji,,
Lizzo,,
Taiu,Milo j,
Milo j,Taiu,
Villano Antillano,Bizarrap,
Eladio Carrion,Bad Bunny,
Luude,Colin Hay,
Colin Hay,Luude,
Shawn Mendes,Camila Cabello,
Kali Uchis,"Tyler, Moliy, The Creator, Amaarae",
Em Beihold,Stephen Sanchez,
Britney Spears,Elton John,
Fireboy DML,Ed Sheeran,
Lasso,,
James Arthur,,
Romeo Santos,Karol G,
Jessica Darrow,,
Roddy Ricch,Post Malone,
Alejo,"Robi, Feid",
Robi,"Alejo, Feid",
Luar La L,,
Armani White,,
Paloma Mami,"Polima WestCoast, Pailita, Feid, De La Ghetto",
Shae Gill,Ali Sethi,
Ali Sethi,Shae Gill,
Dean Lewis,,
Ella Henderson,"Becky Hill, David Guetta",
Becky Hill,"Ella Henderson, David Guetta",
NIKI,,
Lizzy McAlpine,,
Luis R Conriquez,"La Adictiva, Peso Pluma",
Khalid,"Billie Eilish, Marshmello",
Perry Como,"The Fontane Sisters, Mitchell Ayres & His Orchestra",
The Fontane Sisters,"Perry Como, Mitchell Ayres & His Orchestra",
Mitchell Ayres & His Orchestra,"Perry Como, The Fontane Sisters",
Rihanna,Calvin Harris,
Megan Thee Stallion,Dua Lipa,
MNEK,Jax Jones,
Jax Jones,"Joel Corry, MNEK, Charli XCX, Saweetie",
ThxSoMch,,
Baby Rasta,Rauw Alejandro,
Nengo Flow,"Chris Jedi, Bad Bunny, Anuel Aa, Chencho Corleone",
Oscar Maydon,Junior H,
Wisin & Yandel,Rosalia,
V,,
King,,
Christian Nodal,,
Maldy,Karol G,
FIFA Sound,"Jung Kook, BTS",
La Adictiva,Luis R Conriquez,
Intense,"AP Dhillon, Gurinder Gill",
AP Dhillon,"Gurinder Gill, Intense",
Gurinder Gill,"AP Dhillon, Intense",
Rels B,,
Lil Nas X,Jack Harlow,
Chris Jedi,"Anuel Aa, Nengo Flow, Chencho Corleone",
Chencho Corleone,"Rauw Alejandro, Chris Jedi, Bad Bunny, Anuel Aa, Nengo Flow",
Young Miko,Feid,
C. Tangana,,
Sabrina Carpenter,,
Tate McRae,,
Buscabulla,Bad Bunny,
Shakin' Stevens,,
Amaarae,"Kali Uchis, Moliy",
Moliy,"Kali Uchis, Amaarae",
INTERWORLD,,
Jason Derulo,,
Pritam,"Amitabh Bhattacharya, Arijit Singh",
Nirvana,,
Vundabar,,
Libianca,,
PnB Rock,,
Benson Boone,,
Bruno Mars,"Silk Sonic, Anderson .Paak",
Anderson .Paak,"Bruno Mars, Silk Sonic",
Silk Sonic,"Bruno Mars, Anderson .Paak",
BYOR,Imanbek,
Imanbek,BYOR,
Ghost,,
Burl Ives,,
Bing Crosby,"John Scott Trotter & His Orchestra, Ken Darby Singers",
John Scott Trotter & His Orchestra,"Ken Darby Singers, Bing Crosby",
Ken Darby Singers,"John Scott Trotter & His Orchestra, Bing Crosby",
Chris Brown,"Metro Boomin, Rvssian, Rauw Alejandro, Future",
Fujii Kaze,,
Paul McCartney,,
The Ronettes,,
New West,,
Tory Lanez,,
NEIKED,"Polo G, Mae Muller",
Mae Muller,"Polo G, NEIKED",
Polo G,"Mae Muller, NEIKED",
The Rare Occasions,,
Danny Ocean,,
Prezioso,"LUM!X, Gabry Ponte",
Gabry Ponte,"LUM!X, Prezioso",
LUM!X,"Gabry Ponte, Prezioso",
Zendaya,Labrinth,
Charli XCX,"Jax Jones, Saweetie, Joel Corry",
Joel Corry,"Jax Jones, Charli XCX, Saweetie",
Saweetie,"Jax Jones, Charli XCX, Joel Corry",
Chris Rea,,
Adassa,"Carolina Gaitan, Diane Guerrero, Stephanie Beatriz, Rhenzy Feliz, Mauro Castillo, Encanto - Cast",
Mauro Castillo,"Carolina Gaitan, Diane Guerrero, Stephanie Beatriz, Rhenzy Feliz, Adassa, Encanto - Cast",
Rhenzy Feliz,"Carolina Gaitan, Diane Guerrero, Stephanie Beatriz, Mauro Castillo, Adassa, Encanto - Cast",
Carolina Gaitan,"Diane Guerrero, Stephanie Beatriz, Rhenzy Feliz, Mauro Castillo, Adassa, Encanto - Cast",
Rvssian,"Chris Brown, Rauw Alejandro",
Childish Gambino,,
Dean Martin,,
Kordhell,,
Zach Bryan,,
John Lennon,"The Harlem Community Choir, Yoko Ono, The Plastic Ono Band",
The Harlem Community Choir,"John Lennon, Yoko Ono, The Plastic Ono Band",
The Plastic Ono Band,"The Harlem Community Choir, John Lennon, Yoko Ono",
Yoko Ono,"The Harlem Community Choir, John Lennon, The Plastic Ono Band",
James Hype,Miggy Dela Rosa,
Miggy Dela Rosa,James Hype,
Adele,,
TV Girl,,
Brray,"Lyanno, Rauw Alejandro",
Lyanno,"Rauw Alejandro, Brray",
B. Swanson Quartet,Frank Sinatra,
Tony Dize,Bad Bunny,
Beach Weather,,
Band Aid,,
Kelly Clarkson,,
Dove Cameron,,
Robin Schulz,Oliver Tree,
Chase Atlantic,,
Meghan Trainor,,
Maluma,,
Ariana Grande,The Weeknd,
Zion & Lennox,,
Nio Garcia,"Bad Bunny, J Balvin",
THE ANXIETY,"Tyler Cole, Willow",
Tyler Cole,"THE ANXIETY, Willow",
Ckay,"Dj Yo!, AX'EL",
AX'EL,"Ckay, Dj Yo!",
Dj Yo!,"Ckay, AX'EL",
Plan B,,
Tems,"Future, Drake",
Miley Cyrus,,
Seafret,,
Aitana,zzoilo,
zzoilo,Aitana,
2Pac,"Dr. Dre, Roger",
Roger,"2Pac, Dr. Dre",
Panic! At The Disco,,
Paloma Faith,,
Project Pat,"21 Savage, Drake",
The Neighbourhood,,
Stephen Sanchez,Em Beihold,
Swedish House Mafia,The Weeknd,
Coldplay,"The Chainsmokers, BTS",
d4vd,,
Mr.Kitty,,
Jonas Brothers,Marshmello,
Nicky Youre,Dazy,
Dazy,Nicky Youre,
Dina Rae,Eminem,
Andy Williams,,
Aventura,Bad Bunny,
Cherish,ACRAZE,
ACRAZE,Cherish,
Demi Lovato,,
Gesaffelstein,The Weeknd,
Sia,,
Metallica,,
Rosa Linn,,
girl in red,,
Eslabon Armado,Peso Pluma,
Bobby Helms,,
Brenda Lee,,
Julieta Venegas,"Bad Bunny, Tainy",
Beach House,,
Frank Ocean,,
Surf Curse,,
Imagine Dragons,"Arcane, League of Legends, JID",
Aerosmith,,
Cigarettes After Sex,,
Riton,"Dopamine, Nightcrawlers, Mufasa & Hypeman",
Nightcrawlers,"Dopamine, Riton, Mufasa & Hypeman",
Mufasa & Hypeman,"Dopamine, Riton, Nightcrawlers",
Dopamine,"Riton, Nightcrawlers, Mufasa & Hypeman",
Jaymes Young,,
Dido,Eminem,
Daft Punk,"The Weeknd, Pharrell Williams, Nile Rodgers",
Miguel,,
Giveon,"Daniel Caesar, Justin Bieber",
The Walters,,
Lost Frequencies,Calum Scott,
Calum Scott,Lost Frequencies,
Duncan Laurence,,
Gayle,,
Kate Bush,,
OneRepublic,,
Keane,,
Jay Rock,Kendrick Lamar,
Bebe Rexha,David Guetta,
Ruth B.,,
One Direction,,
Masked Wolf,,
Creedence Clearwater Revival,,
Wham!,,
GODZZ__-,Zakaria,
Zakaria,GODZZ__-,
50 Cent,,
Tears For Fears,,
Arctic Monkeys,,
League of Legends,"Arcane, Imagine Dragons, JID",
Arcane,"Imagine Dragons, League of Legends, JID",
Kim Petras,Sam Smith,
Juan Cruz Toledo,Huilen Toledo,
Huilen Toledo,Juan Cruz Toledo,
Radiohead,,
Don Omar,Lucenzo,
Lucenzo,Don Omar,
The Goo Goo Dolls,,
Conan Gray,,
Farruko,,
Coolio,L.V.,
L.V.,Coolio,
Linkin Park,,
Alec Benjamin,,
Lord Huron,,
Daniel Caesar,"Giveon, Justin Bieber",
Mariah Carey,,
Avicii,,
Gotye,Kimbra,
Kimbra,Gotye,
a-ha,,
Maroon 5,Wiz Khalifa,
Wiz Khalifa,Maroon 5,
Guns N' Roses,,
The Police,,
Pnau,"Elton John, Dua Lipa",
Nate Dogg,Eminem,
24kgoldn,Iann Dior,
Iann Dior,24kgoldn,
Chris Molitor,,
DaBaby,Dua Lipa,
The Killers,,
Tom Odell,,
Ray Dalton,"Ryan Lewis, Macklemore",
Ryan Lewis,"Macklemore, Ray Dalton",
Macklemore,"Ryan Lewis, Ray Dalton",
Vance Joy,,
Hozier,,
Bradley Cooper,Lady Gaga,
Queen,,
The Chainsmokers,"Halsey, Coldplay",
Glass Animals,,
Kyla,"WizKid, Drake",
Tones and I,,
Edison Lighthouse,,
