artist,collaborators,followers,total_songs_x,total_songs
Ed Sheeran,"Fireboy DML, J Balvin, Camila Cabello, Elton John, Taylor Swift",114360924,,14.0
Taylor Swift,"Ed Sheeran, Lana Del Rey, Ice Spice",112943132,,32.0
Arijit Singh,"Sachin-Jigar, Amitabh Bhattacharya, Sukriti Kakar, Vishal Dadlani, Shekhar Ravjiani, Amitabha Bhattacharya, Pritam, Vishal-Shekhar, Kumaar",112274134,,10.0
Ariana Grande,The Weeknd,96958214,,4.0
Billie Eilish,Khalid,95292754,,5.0
Drake,"Travis Scott, Tems, 21 Savage, WizKid, DJ Khaled, Lil Baby, Project Pat, Kyla, Young Thug, Future",90019263,,19.0
Eminem,"Nate Dogg, Dr. Dre, Dina Rae, Dido",85424764,,9.0
The Weeknd,"21 Savage, Tyler, Daft Punk, Playboi Carti, Future, Swedish House Mafia, Doja Cat, Metro Boomin, Ariana Grande, Lil Wayne, Post Malone, Gesaffelstein, Rosalia, The Creator, Lana Del Rey, Madonna",84742929,,32.0
Bad Bunny,"Julieta Venegas, J Balvin, Arcangel, Nio Garcia, Tony Dize, Rauw Alejandro, Eladio Carrion, Sech, Jhay Cortez, Daddy Yankee, Nengo Flow, Buscabulla, Gorillaz, The MarÃ¯Â¿Â½Ã¯, Mora, Aventura, Grupo Frontera, Tainy, Chencho Corleone",82230522,,35.0
Justin Bieber,"Don Toliver, Daniel Caesar, The Kid Laroi, Giveon, Future",75403229,,7.0
BTS,"Charlie Puth, Snoop Dogg, Coldplay, Halsey, Jung Kook, Benny Blanco, FIFA Sound",73536301,,13.0
Rihanna,Calvin Harris,60420649,,2.0
Bruno Mars,"Silk Sonic, Anderson .Paak",56031290,,6.0
Adele,,55836346,,4.0
Imagine Dragons,"Arcane, League of Legends, JID",52787370,,5.0
Coldplay,"The Chainsmokers, BTS",50852534,,5.0
Queen,,49998665,,1.0
Selena Gomez,,49894165,,1.0
BLACKPINK,,49289876,,3.0
Karol G,"Romeo Santos, Shakira, Maldy, Ovy On The Drums, Quevedo, Becky G",47164010,,8.0
XXXTENTACION,Kanye West,45102051,,3.0
Post Malone,"Roddy Ricch, The Weeknd, Doja Cat, Swae Lee",44180276,,7.0
Dua Lipa,"Megan Thee Stallion, DaBaby, Calvin Harris, Pnau, Sean Paul, Young Thug, Elton John",43646423,,9.0
Shawn Mendes,Camila Cabello,42735906,,4.0
Maroon 5,Wiz Khalifa,41667919,,2.0
Beyonce,Kendrick Lamar,37934986,,4.0
Olivia Rodrigo,,36734973,,7.0
Ozuna,"Feid, Shakira, Tiago pzk",36663897,,2.0
J Balvin,"Nio Garcia, Ed Sheeran, Bad Bunny, Maria Becerra",36594688,,3.0
Lana Del Rey,"The Weeknd, Taylor Swift",35938821,,5.0
Anuel Aa,"Mambo Kingz, Chris Jedi, Myke Towers, Jhay Cortez, DJ Luian, Nengo Flow, Chencho Corleone",35925699,,3.0
One Direction,,35215296,,1.0
Juice WRLD,Marshmello,33951210,,3.0
Daddy Yankee,Bad Bunny,33893724,,3.0
Maluma,,33844348,,1.0
Marshmello,"Khalid, Manuel Turizo, Jonas Brothers, Juice WRLD",33645828,,3.0
Katy Perry,Alesso,33334176,,0.0
Shakira,"Bizarrap, Rauw Alejandro, Ozuna, David Guetta, Karol G, Black Eyed Peas",33202367,,4.0
Camila Cabello,"Ed Sheeran, Shawn Mendes, Willow",33191164,,3.0
Pritam,"Amitabh Bhattacharya, Arijit Singh",32748243,,1.0
Harry Styles,,32316706,,17.0
Sidhu Moose Wala,,32090451,,1.0
Nicki Minaj,"Lil Baby, Aqua, Ice Spice",31370614,,6.0
Guns N' Roses,,30832380,,1.0
Doja Cat,"The Weeknd, SZA, Post Malone, Tyga",30100456,,10.0
Lady Gaga,Bradley Cooper,30100083,,3.0
Travis Scott,"21 Savage, SZA, Metro Boomin, Drake, Young Thug",29984927,,6.0
Kendrick Lamar,"Sam Dew, Jay Rock, Tanna Leone, Taylour Paige, Beth Gibbons, Beyonce, Kodak Black, Blxst, Summer Walker, Ghostface Killah, Baby Keem, Amanda Reifer, Sampha",29919588,,23.0
Sia,,28015877,,2.0
Metallica,,27275101,,1.0
Demi Lovato,,26476646,,1.0
Kanye West,"Cardi B, XXXTENTACION, Alicia Keys, Lil Durk, Fivio Foreign",25637749,,6.0
David Guetta,"Bebe Rexha, Becky Hill, Shakira, Anne-Marie, Ella Henderson, Coi Leray, Black Eyed Peas",25585124,,4.0
Linkin Park,,25532052,,2.0
Arctic Monkeys,,24963235,,4.0
Miley Cyrus,,24098289,,2.0
Cardi B,"Kanye West, Lil Durk",23967343,,1.0
Sam Smith,"Kim Petras, Calvin Harris, Jessie Reyez",23758151,,3.0
J. Cole,"Lil Durk, j-hope",23694022,,3.0
Avicii,,22785566,,2.0
Charlie Puth,"Jung Kook, BTS",22782681,,3.0
Paulo Londra,"Bizarrap, Feid",22705455,,3.0
Calvin Harris,"Dua Lipa, Justin Timberlake, Jessie Reyez, Halsey, Pharrell Williams, Ellie Goulding, Rihanna, Young Thug, Sam Smith",22592000,,6.0
Chris Brown,"Metro Boomin, Rvssian, Rauw Alejandro, Future",21970123,,2.0
Rauw Alejandro,"Chris Brown, Bizarrap, Lyanno, Shakira, Baby Rasta, Alvaro Diaz, Bad Bunny, Rvssian, Rosalia, Brray, Chencho Corleone",21938144,,6.0
Halsey,"Justin Timberlake, BTS, Calvin Harris, Pharrell Williams, Suga, The Chainsmokers",21527238,,5.0
Romeo Santos,Karol G,21028518,,1.0
SZA,"Travis Scott, Phoebe Bridgers, Don Toliver, Doja Cat",20650533,,23.0
Melanie Martinez,,20463413,,1.0
TWICE,,20229782,,2.0
The Chainsmokers,"Halsey, Coldplay",20179100,,2.0
Nirvana,,19510638,,2.0
21 Savage,"Travis Scott, Tyler, Pharrell Williams, The Weeknd, Gunna, Metro Boomin, Project Pat, Drake, The Creator",18818737,,14.0
Nicky Jam,Feid,18692168,,1.0
V,,18236998,,1.0
2Pac,"Dr. Dre, Roger",18017090,,1.0
j-hope,J. Cole,17656939,,2.0
Lil Baby,"Drake, Nicki Minaj, DJ Khaled, Gunna",17638416,,6.0
Future,"Lil Uzi Vert, Chris Brown, Tems, Don Toliver, The Weeknd, Gunna, Metro Boomin, Drake, Young Thug, Justin Bieber",17313947,,10.0
Lil Uzi Vert,"Metro Boomin, sped up nightcore, ARIZONATEARS, Future",17229376,,3.0
James Arthur,,17168633,,2.0
OneRepublic,,17051514,,2.0
RM,Colde,16715278,,2.0
P!nk,,16677242,,1.0
The Neighbourhood,,16567456,,3.0
Junior H,"Oscar Maydon, Grupo Marca Registrada, El Chachito, Peso Pluma, Gabito Ballesteros, Eden MuÃ¯Â¿Â½Ã¯",16559759,,4.0
Cartel De Santa,La Kelly,16337839,,1.0
Khalid,"Billie Eilish, Marshmello",16169608,,2.0
Farruko,,15703071,,1.0
Stray Kids,,15640139,,2.0
Bizarrap,"Paulo Londra, Residente, Rauw Alejandro, Arcangel, Shakira, Tiago pzk, Peso Pluma, Quevedo, Villano Antillano",15401552,,6.0
Tyler,"21 Savage, Kali Uchis, Pharrell Williams, The Weeknd, The Creator",15240673,,5.0
The Creator,"21 Savage, Tyler, Kali Uchis, Pharrell Williams, The Weeknd",15240673,,5.0
Tulus,,15170798,,0.0
Meghan Trainor,,15056245,,1.0
Myke Towers,"Feid, Quevedo, Sky Rompiendo, Jhay Cortez, Anuel Aa",15024813,,2.0
Jung Kook,"Latto, Charlie Puth, FIFA Sound, BTS",14805904,,5.0
Becky G,"Karol G, Peso Pluma, Anitta, Tini",14649495,,3.0
Lil Wayne,"Metro Boomin, Offset, The Weeknd, Swae Lee",14642576,,2.0
Britney Spears,Elton John,14617639,,2.0
50 Cent,,14589491,,1.0
Christian Nodal,,14465306,,0.0
Agust D,IU,14462227,,2.0
Arcangel,"Bizarrap, Lenny TavÃ¯Â¿Â½Ã¯Â¿Â½rez, Rich Music, Sech, Bad Bunny, Dalex, Dimelo Flow, Justin Quiles, De La Ghetto",14291367,,1.0
Aerosmith,,14265447,,1.0
A$AP Rocky,"Metro Boomin, Roisee",14247301,,1.0
Frank Ocean,,14115572,,2.0
Justin Timberlake,"Calvin Harris, Pharrell Williams, Halsey",14107451,,1.0
Peso Pluma,"Bizarrap, Becky G, BLESSD, Fuerza Regida, Natanael Cano, Eslabon Armado, Gabito Ballesteros, Sog, Yng Lvcas, Grupo Frontera, Ryan Castro, Junior H, Luis R Conriquez",14103554,,13.0
Elton John,"Dua Lipa, Ed Sheeran, Pnau, Britney Spears",13341891,,3.0
Natanael Cano,"Gabito Ballesteros, Fuerza Regida, Peso Pluma",13149923,,2.0
Childish Gambino,,12819346,,0.0
Lewis Capaldi,,12546908,,3.0
Ellie Goulding,Calvin Harris,12415786,,1.0
Lil Nas X,Jack Harlow,12399563,,4.0
Panic! At The Disco,,12193618,,1.0
Mahalini,,12171352,,0.0
Jason Derulo,,12035097,,1.0
DaBaby,Dua Lipa,12000108,,1.0
Sech,"Feid, Mora, Arcangel, Lenny TavÃ¯Â¿Â½Ã¯Â¿Â½rez, Rich Music, Bad Bunny, Dalex, Justin Quiles, Dimelo Flow, Jhayco, De La Ghetto",11966346,,2.0
Anne-Marie,"Coi Leray, David Guetta",11909986,,1.0
Snoop Dogg,"Benny Blanco, Dr. Dre, BTS",11874857,,3.0
Dr. Dre,"2Pac, Eminem, Snoop Dogg, Roger",11819519,,5.0
Alicia Keys,"Kanye West, Fivio Foreign",11767534,,1.0
Carin Leon,Grupo Frontera,11716313,,2.0
Gorillaz,Bad Bunny,11701202,,1.0
Feid,"Nicky Jam, Ozuna, Sean Paul, Jhayco, Yandel, Alejo, Sech, Sky Rompiendo, Paloma Mami, Saiko, Young Miko, Pailita, De La Ghetto, Paulo Londra, Robi, Mora, Quevedo, Polima WestCoast, Myke Towers",11697710,,16.0
Don Omar,Lucenzo,11597840,,1.0
SEVENTEEN,,11569864,,1.0
DJ Khaled,"Lil Baby, Drake",11414059,,1.0
Cigarettes After Sex,,11362724,,1.0
Vishal Dadlani,"Shilpa Rao, Sukriti Kakar, Arijit Singh, Shekhar Ravjiani, Vishal-Shekhar, Caralisa Monteiro, Kumaar",11361506,,2.0
Polo G,"Mae Muller, NEIKED",11349491,,2.0
Wiz Khalifa,Maroon 5,11036794,,1.0
Playboi Carti,"The Weeknd, Madonna",10912846,,2.0
Luke Combs,,10668938,,1.0
Duki,"FMK, NICKI NICOLE, Maria Becerra, Standly, Lit Killah, Tiago pzk, Big One, Rusherking, Stars Music Chile, Quevedo, Emilia, De La Ghetto, Cris Mj",10604390,,3.0
Roddy Ricch,Post Malone,10591281,,1.0
Kodak Black,"Kendrick Lamar, JVKE, NLE Choppa, Jimin, Muni Long",10577723,,3.0
Kelly Clarkson,,10433993,,1.0
TOMORROW X TOGETHER,,10098478,,1.0
Mariah Carey,,10029493,,1.0
Young Thug,"Travis Scott, Dua Lipa, Calvin Harris, Gunna, Metro Boomin, Drake, Future",9999063,,4.0
Radiohead,,9979198,,1.0
Lil Yachty,,9961219,,1.0
Daft Punk,"The Weeknd, Pharrell Williams, Nile Rodgers",9916610,,2.0
NF,,9897693,,1.0
Niall Horan,,9877245,,1.0
Conan Gray,,9704019,,1.0
Morgan Wallen,"Lil Durk, Eric Church",9653624,,9.0
Joji,,9544854,,3.0
Fuerza Regida,"Chino Pacas, Grupo Frontera, Peso Pluma, Natanael Cano",9336105,,2.0
(G)I-DLE,,9184905,,2.0
Sabrina Carpenter,,9179091,,1.0
Bebe Rexha,David Guetta,9144634,,1.0
Megan Thee Stallion,Dua Lipa,9140759,,1.0
Burna Boy,,9090876,,2.0
ENHYPEN,,8892655,,3.0
IU,Agust D,8573451,,1.0
Lil Tjay,,8515922,,1.0
Jimin,"JVKE, NLE Choppa, HA SUNG WOON, TAEYANG, Kodak Black, Muni Long",8412513,,6.0
Metro Boomin,"A$AP Rocky, Beam, NAV, A Boogie Wit da Hoodie, Lil Uzi Vert, Offset, Future, 21 Savage, The Weeknd, Young Thug, Roisee, Travis Scott, Don Toliver, Toian, Lil Wayne, Coi Leray, Chris Brown, WizKid, John Legend, James Blake, Swae Lee",8367830,,13.0
A Boogie Wit da Hoodie,"Metro Boomin, NAV, Swae Lee",8233104,,1.0
NewJeans,,8178883,,6.0
NLE Choppa,"JVKE, Kodak Black, Jimin, Muni Long",8169798,,2.0
Troye Sivan,,8165353,,2.0
Black Eyed Peas,"Shakira, David Guetta",8155390,,1.0
Rosalia,"Rauw Alejandro, Wisin & Yandel, The Weeknd",8143088,,0.0
Aventura,Bad Bunny,8023208,,1.0
Tini,"Maria Becerra, Steve Aoki, La Joaqui, Anitta, L-Gante, Becky G",7942812,,3.0
Madonna,"Playboi Carti, The Weeknd",7910987,,1.0
YOASOBI,,7881644,,0.0
Jin,,7833461,,1.0
Jhayco,"Quevedo, Feid, Sech",7687324,,2.0
Jhay Cortez,"Myke Towers, Bad Bunny, Anuel Aa",7687324,,3.0
Yandel,Feid,7674407,,0.0
Zion & Lennox,,7588212,,0.0
Jonas Brothers,Marshmello,7586720,,1.0
Skrillex,"Fred again.., Flowdan",7580640,,1.0
Lil Durk,"Morgan Wallen, Kanye West, J. Cole, Cardi B",7571966,,3.0
Lisa,TAEYANG,7543427,,2.0
Vishal-Shekhar,"Shilpa Rao, Sukriti Kakar, Vishal Dadlani, Arijit Singh, Shekhar Ravjiani, Caralisa Monteiro, Kumaar",7415685,,2.0
Gunna,"Lil Baby, 21 Savage, Future, Young Thug",7382073,,4.0
Chase Atlantic,,7369638,,1.0
Wisin & Yandel,Rosalia,7328889,,0.0
The Killers,,7299074,,1.0
Kali Uchis,"Tyler, Moliy, The Creator, Amaarae",7280515,,3.0
Hozier,,7250388,,1.0
girl in red,,7245276,,1.0
De La Ghetto,"Feid, Arcangel, Duki, Lenny TavÃ¯Â¿Â½Ã¯Â¿Â½rez, Rich Music, Sech, Polima WestCoast, Paloma Mami, Dalex, Justin Quiles, Dimelo Flow, Quevedo, Pailita",7197359,,2.0
Frank Sinatra,B. Swanson Quartet,7183356,,2.0
Rels B,,7158609,,0.0
Blake Shelton,Gwen Stefani,7131775,,1.0
Mc Livinho,DJ Matt D,7065518,,0.0
Kevin Kaarl,,7022873,,1.0
Eladio Carrion,Bad Bunny,6904046,,1.0
Tyga,Doja Cat,6853021,,1.0
John Legend,Metro Boomin,6791883,,2.0
Tory Lanez,,6729259,,1.0
TV Girl,,6632719,,1.0
Creedence Clearwater Revival,,6620714,,1.0
Gwen Stefani,Blake Shelton,6500015,,1.0
Summer Walker,"Kendrick Lamar, Ghostface Killah",6458804,,1.0
Maria Becerra,"FMK, J Balvin, NICKI NICOLE, Duki, Lit Killah, Tiago pzk, Big One, Rusherking, Emilia, Tini",6450711,,1.0
Trueno,Tiago pzk,6320228,,1.0
The Police,,6108976,,1.0
Ana Castela,"AgroPlay, Dj Chris No Beat, Melody, Israel & Rodolffo",6084873,,1.0
Kevin Gates,Juicy J,6084650,,1.0
Nengo Flow,"Chris Jedi, Bad Bunny, Anuel Aa, Chencho Corleone",6061723,,1.0
John Lennon,"The Harlem Community Choir, Yoko Ono, The Plastic Ono Band",6018766,,1.0
Rex Orange County,,6004459,,1.0
Daniel Caesar,"Giveon, Justin Bieber",5936558,,1.0
Mac DeMarco,,5935657,,1.0
Kenshi Yonezu,,5911596,,0.0
La Adictiva,Luis R Conriquez,5889367,,1.0
Gustavo Mioto,Mari Fernandez,5828407,,0.0
Lizzo,,5714675,,3.0
Calum Scott,Lost Frequencies,5606774,,1.0
Eslabon Armado,Peso Pluma,5529700,,1.0
Central Cee,Dave,5524671,,3.0
Lit Killah,"FMK, NICKI NICOLE, Maria Becerra, Duki, Tiago pzk, Big One, Rusherking, Emilia",5473565,,1.0
WizKid,"Don Toliver, Beam, Toian, Metro Boomin, Kyla, Drake",5458492,,1.0
Tate McRae,,5431931,,2.0
Danny Ocean,,5424448,,0.0
The Kid Laroi,Justin Bieber,5341491,,3.0
LE SSERAFIM,Nile Rodgers,5269643,,2.0
Nio Garcia,"Bad Bunny, J Balvin",5269156,,1.0
Luis R Conriquez,"La Adictiva, Peso Pluma",5240010,,2.0
Alec Benjamin,,5081042,,1.0
Miguel,,5075013,,1.0
AP Dhillon,"Gurinder Gill, Intense",5034789,,1.0
Tiago pzk,"Bizarrap, FMK, NICKI NICOLE, Maria Becerra, Duki, Ozuna, Lit Killah, Big One, Rusherking, Trueno, Emilia",5032999,,3.0
Mora,"Feid, Sech, Bad Bunny, Saiko, Quevedo",5032856,,3.0
Dove Cameron,,4997564,,1.0
MC Ryan SP,"Love Funk, Mc Paiva ZS",4988242,,0.0
Blackbear,BoyWithUke,4948303,,1.0
YEAT,,4911820,,1.0
Kenia OS,,4904522,,0.0
BIGBANG,,4877150,,1.0
Paul McCartney,,4778503,,1.0
Suga,"Halsey, PSY",4734068,,2.0
Zendaya,Labrinth,4693265,,1.0
Sean Paul,"Dua Lipa, Feid",4688191,,1.0
Mc Paiva ZS,"Love Funk, MC Ryan SP",4682183,,0.0
Steve Lacy,,4664975,,3.0
King,,4617592,,1.0
Mc Pedrinho,"Pedro Sampaio, DJ 900",4577467,,1.0
Quevedo,"Bizarrap, Feid, Mora, La Pantera, Duki, Cruz CafunÃ¯Â¿Â½Ã¯Â¿Â½, Juseph, De La Ghetto, Abhir Hathi, Saiko, Ovy On The Drums, Myke Towers, Jhayco, BÃ¯Â¿Â½Ã¯Â¿Â½jo, Karol G",4575599,,8.0
Pharrell Williams,"Justin Timberlake, 21 Savage, Tyler, Calvin Harris, Halsey, Daft Punk, Nile Rodgers, The Creator",4507602,,3.0
JVKE,"Kodak Black, Jimin, Muni Long, NLE Choppa",4445940,,3.0
Yuridia,Angela Aguilar,4429765,,0.0
Don Toliver,"WizKid, SZA, Beam, Toian, Metro Boomin, Justin Bieber, Future",4424571,,4.0
Plan B,,4334853,,0.0
Grupo Marca Registrada,"Grupo Frontera, Junior H",4277542,,1.0
Veigh,"Bvga Beatz, Prod Malax, Supernova Ent",4267886,,0.0
Mabel Matiz,Mert Demir,4224167,,1.0
IVE,,4192041,,4.0
BoyWithUke,Blackbear,4168389,,2.0
Zach Bryan,,4146267,,1.0
L7nnon,"DJ Biel do Furduncinho, Bianca",4145422,,0.0
Glass Animals,,4135798,,1.0
PnB Rock,,4126996,,1.0
Offset,"Metro Boomin, Lil Wayne, Swae Lee, JID",4084694,,2.0
BLESSD,Peso Pluma,4059590,,1.0
Grupo Frontera,"Yahritza Y Su Esencia, Carin Leon, Grupo Marca Registrada, Bad Bunny, Fuerza Regida, Peso Pluma",4034048,,6.0
NIKI,,4014536,,1.0
Alesso,Katy Perry,3887927,,0.0
Shubh,,3847542,,1.0
Tom Odell,,3841917,,1.0
Eric Church,Morgan Wallen,3835889,,1.0
Giveon,"Daniel Caesar, Justin Bieber",3822375,,2.0
Jack Harlow,Lil Nas X,3809382,,4.0
Swedish House Mafia,The Weeknd,3756582,,1.0
Steve Aoki,"La Joaqui, Tini",3742228,,0.0
Ke personajes,"Big One, FMK",3690076,,0.0
Tony Dize,Bad Bunny,3689942,,1.0
Ice Spice,"PinkPantheress, Aqua, Nicki Minaj, Taylor Swift",3651157,,3.0
teto,,3636874,,1.0
Sofia Carson,,3599326,,0.0
JISOO,,3569060,,1.0
Milo j,Taiu,3549976,,1.0
Ruth B.,,3493725,,1.0
NAV,"Metro Boomin, Swae Lee, A Boogie Wit da Hoodie",3472493,,1.0
Tears For Fears,,3446064,,1.0
Treasure,,3374872,,1.0
Keane,,3373828,,1.0
PinkPantheress,Ice Spice,3370249,,2.0
Baby Rasta,Rauw Alejandro,3320047,,1.0
Stromae,,3308673,,0.0
Fujii Kaze,,3289356,,0.0
Keisya Levronka,,3286061,,0.0
Semicenk,DoÃ¯Â¿Â½Ã¯Â¿Â½u,3258200,,0.0
Labrinth,Zendaya,3247717,,6.0
Charli XCX,"Jax Jones, Saweetie, Joel Corry",3242812,,1.0
Dean Lewis,,3188701,,1.0
Juicy J,Kevin Gates,3172689,,1.0
Ghost,,3126035,,1.0
Robin Schulz,Oliver Tree,3086670,,1.0
Vance Joy,,3085907,,1.0
Young Miko,Feid,3074327,,1.0
MC Kevin o Chris,dennis,3019326,,0.0
Mari Fernandez,"Israel & Rodolffo, Gustavo Mioto",3008381,,1.0
Aitana,zzoilo,2989872,,0.0
Emilia,"FMK, Maria Becerra, Duki, Lit Killah, Tiago pzk, Big One, Rusherking",2988443,,1.0
Tones and I,,2933129,,1.0
KayBlack,MC Caverinha,2914223,,0.0
Chefin,Mainstreet,2888605,,1.0
Gabito Ballesteros,"Natanael Cano, Peso Pluma, Junior H",2853457,,1.0
NMIXX,,2840421,,0.0
Cris Mj,"NICKI NICOLE, Duki, Standly, Ak4:20, Stars Music Chile, Pailita",2826348,,0.0
Lost Frequencies,Calum Scott,2808883,,1.0
Simone Mendes,,2801077,,1.0
The Goo Goo Dolls,,2787325,,1.0
Benson Boone,,2767644,,1.0
C. Tangana,,2729771,,0.0
Wham!,,2728086,,1.0
Dopamine,"Riton, Nightcrawlers, Mufasa & Hypeman",2705635,,1.0
Twisted,Oliver Tree,2645538,,1.0
d4vd,,2631583,,2.0
Chris Jedi,"Anuel Aa, Nengo Flow, Chencho Corleone",2607299,,0.0
Willow,"THE ANXIETY, Camila Cabello, Tyler Cole",2593394,,3.0
Pedro Sampaio,Mc Pedrinho,2567398,,0.0
Ryan Castro,"Sog, Peso Pluma",2549651,,2.0
Anderson .Paak,"Bruno Mars, Silk Sonic",2522538,,2.0
Israel & Rodolffo,"Ana Castela, Mari Fernandez",2483909,,1.0
Rvssian,"Chris Brown, Rauw Alejandro",2479797,,0.0
Oliver Tree,"Twisted, Robin Schulz",2447471,,3.0
Phoebe Bridgers,SZA,2403574,,1.0
Baby Keem,"Kendrick Lamar, Sam Dew",2375596,,2.0
Julieta Venegas,"Bad Bunny, Tainy",2359381,,1.0
Macklemore,"Ryan Lewis, Ray Dalton",2329704,,1.0
Shilpa Rao,"Vishal Dadlani, Shekhar Ravjiani, Vishal-Shekhar, Caralisa Monteiro, Kumaar",2328340,,1.0
a-ha,,2288141,,1.0
Sachin-Jigar,"Shadab Faridi, Amitabh Bhattacharya, Arijit Singh, Varun Jain, Amitabha Bhattacharya, Altamash Faridi",2280558,,3.0
L-Gante,Tini,2274710,,1.0
Nat King Cole,,2249058,,2.0
Saweetie,"Jax Jones, Charli XCX, Joel Corry",2235891,,1.0
Leo Santana,,2226363,,1.0
24kgoldn,Iann Dior,2218586,,1.0
Beach House,,2213899,,1.0
David Kushner,,2195910,,2.0
Gotye,Kimbra,2163995,,1.0
Swae Lee,"Offset, Metro Boomin, Lil Wayne, Post Malone, NAV, A Boogie Wit da Hoodie",2163580,,3.0
DJ Luian,"Anuel Aa, Mambo Kingz",2159017,,2.0
Tainy,"Bad Bunny, Julieta Venegas",2132591,,3.0
Chino Pacas,Fuerza Regida,2114652,,1.0
Nayeon,,2063140,,1.0
Chuck Berry,,1994750,,1.0
Kate Bush,,1993944,,1.0
Sleepy hallow,347aidan,1991984,,2.0
Dave,Central Cee,1975865,,1.0
AnnenMayKantereit,Giant Rooks,1930105,,0.0
Fireboy DML,Ed Sheeran,1861227,,1.0
Tems,"Future, Drake",1861227,,1.0
League of Legends,"Arcane, Imagine Dragons, JID",1853018,,2.0
Iann Dior,24kgoldn,1844614,,1.0
Freddie Dredd,,1832638,,0.0
Dido,Eminem,1812838,,1.0
JID,"Offset, League of Legends, Imagine Dragons, Arcane",1764380,,2.0
Oscar Maydon,Junior H,1743541,,1.0
Rusherking,"FMK, Maria Becerra, Duki, Lit Killah, Tiago pzk, Big One, Emilia",1724665,,1.0
Dean Martin,,1685162,,1.0
Nate Dogg,Eminem,1680599,,1.0
Zakaria,GODZZ__-,1662063,,0.0
Yung Gravy,,1658693,,0.0
Latto,Jung Kook,1643009,,1.0
La Joaqui,"Steve Aoki, Tini",1638405,,0.0
Ella Henderson,"Becky Hill, David Guetta",1614742,,1.0
Fifty Fifty,,1603138,,2.0
Lord Huron,,1596495,,1.0
PSY,Suga,1585592,,1.0
FMK,"Maria Becerra, Duki, Lit Killah, Tiago pzk, Big One, Rusherking, Ke personajes, Emilia",1543480,,1.0
Fred again..,"Skrillex, Flowdan",1498869,,1.0
RAYE,070 Shake,1498228,,2.0
Jay Rock,Kendrick Lamar,1474717,,1.0
Ckay,"Dj Yo!, AX'EL",1473314,,0.0
James Blake,Metro Boomin,1443916,,1.0
Stephen Sanchez,Em Beihold,1427309,,2.0
Lauren Spencer Smith,Lauren Spencer Smith,1421119,,4.0
Jessie Reyez,"Calvin Harris, Sam Smith",1406318,,1.0
Residente,Bizarrap,1393226,,1.0
TAEYANG,"Lisa, Jimin",1389030,,2.0
Mahmood,Blanco,1386494,,0.0
Lyanno,"Rauw Alejandro, Brray",1375974,,1.0
Fivio Foreign,"Kanye West, Alicia Keys",1313269,,1.0
Nessa Barrett,,1311221,,1.0
Kordhell,,1258476,,1.0
Paloma Faith,,1246996,,1.0
Luar La L,,1240338,,1.0
Bellakath,,1184013,,0.0
Jax Jones,"Joel Corry, MNEK, Charli XCX, Saweetie",1176383,,2.0
Benny Blanco,"BTS, Snoop Dogg",1157844,,1.0
Surf Curse,,1153838,,1.0
Paloma Mami,"Polima WestCoast, Pailita, Feid, De La Ghetto",1142320,,1.0
Coolio,L.V.,1119638,,1.0
Anggi Marito,,1119287,,0.0
Kim Petras,Sam Smith,1096790,,1.0
Loreen,,1059544,,1.0
Chris Rea,,1033820,,1.0
Standly,"NICKI NICOLE, Duki, Stars Music Chile, Cris Mj",1011329,,0.0
Sukriti Kakar,"Vishal Dadlani, Arijit Singh, Shekhar Ravjiani, Vishal-Shekhar, Kumaar",1004971,,1.0
Saiko,"Quevedo, Feid, Mora",1001682,,1.0
Omar Apollo,,998218,,0.0
KALUSH,,996786,,1.0
Jessi,,982409,,1.0
Chencho Corleone,"Rauw Alejandro, Chris Jedi, Bad Bunny, Anuel Aa, Nengo Flow",963965,,1.0
Seafret,,959719,,1.0
Jain,,952823,,0.0
Peggy Gou,,938903,,1.0
Jaymes Young,,938700,,1.0
Yung Lean,,937876,,0.0
Lizzy McAlpine,,936242,,1.0
Raim Laode,,934844,,0.0
Ghostface Killah,"Kendrick Lamar, Summer Walker",916931,,1.0
Angela Aguilar,Yuridia,905723,,0.0
Oxlade,,899515,,0.0
Silk Sonic,"Bruno Mars, Anderson .Paak",885095,,2.0
Shae Gill,Ali Sethi,858933,,1.0
Shekhar Ravjiani,"Shilpa Rao, Sukriti Kakar, Vishal Dadlani, Arijit Singh, Vishal-Shekhar, Caralisa Monteiro, Kumaar",845055,,2.0
Project Pat,"21 Savage, Drake",826758,,1.0
Amitabh Bhattacharya,"Sachin-Jigar, Shadab Faridi, Arijit Singh, Varun Jain, Altamash Faridi, Pritam",815044,,2.0
Becky Hill,"Ella Henderson, David Guetta",808017,,1.0
Ak4:20,"Pailita, Cris Mj",807819,,0.0
Coi Leray,"Metro Boomin, Anne-Marie, David Guetta",802178,,3.0
Yahritza Y Su Esencia,Grupo Frontera,801637,,1.0
Lasso,,773154,,0.0
INTERWORLD,,769775,,1.0
Kaifi Khalil,,765985,,0.0
Sampha,Kendrick Lamar,758488,,1.0
Alvaro Diaz,Rauw Alejandro,737688,,0.0
Masked Wolf,,735192,,1.0
Mr.Kitty,,724695,,1.0
The Walters,,719024,,1.0
AgroPlay,Ana Castela,698009,,0.0
Melody,"Ana Castela, Dj Chris No Beat",694194,,1.0
Love Funk,"Mc Paiva ZS, MC Ryan SP",689596,,0.0
Suki Waterhouse,,687384,,1.0
dennis,MC Kevin o Chris,675279,,0.0
Hotel Ugly,,674447,,2.0
Gurinder Gill,"AP Dhillon, Intense",666823,,1.0
Gayle,,623864,,0.0
Cherish,ACRAZE,621762,,1.0
Beach Weather,,618108,,1.0
Gesaffelstein,The Weeknd,617807,,2.0
Nickoog Clk,"Polima WestCoast, Fran C, Pablito Pesadilla",602407,,0.0
Colde,RM,593005,,1.0
SALES,,577705,,1.0
Duncan Laurence,,569107,,1.0
Polima WestCoast,"Feid, Pablito Pesadilla, Pailita, Fran C, Nickoog Clk, Paloma Mami, De La Ghetto",562532,,1.0
MC Caverinha,KayBlack,558846,,0.0
Armani White,,545014,,1.0
070 Shake,RAYE,535590,,2.0
Andy Williams,,534468,,1.0
Muni Long,"JVKE, Kodak Black, Jimin, NLE Choppa",531016,,1.0
Perry Como,"The Fontane Sisters, Mitchell Ayres & His Orchestra",523203,,1.0
Kanii,PR1ISVX,521332,,1.0
Gabry Ponte,"LUM!X, Prezioso",521000,,1.0
Bing Crosby,"John Scott Trotter & His Orchestra, Ken Darby Singers",518843,,1.0
DJ Matt D,Mc Livinho,511007,,0.0
Big One,"FMK, Duki, Maria Becerra, Lit Killah, Tiago pzk, Rusherking, Ke personajes, Emilia",496759,,1.0
El Chachito,Junior H,489507,,0.0
Blxst,"Kendrick Lamar, Amanda Reifer",486962,,1.0
347aidan,Sleepy hallow,484436,,1.0
Giant Rooks,AnnenMayKantereit,483529,,0.0
Baby Tate,,481128,,1.0
Doechii,,471673,,1.0
Em Beihold,Stephen Sanchez,470542,,2.0
Libianca,,468792,,1.0
Dj Chris No Beat,"Ana Castela, Melody",464349,,1.0
ThxSoMch,,426894,,1.0
Kaliii,Kaliii,425355,,0.0
Migrantes,"Nico Valdi, LiL CaKe",420651,,0.0
Kimbra,Gotye,419541,,1.0
Joel Corry,"Jax Jones, Charli XCX, Saweetie",419344,,1.0
New West,,417436,,1.0
Vundabar,,416099,,1.0
Ali Sethi,Shae Gill,404183,,1.0
The Rare Occasions,,399543,,1.0
Brray,"Lyanno, Rauw Alejandro",392180,,1.0
Victor Cibrian,,392056,,0.0
Mert Demir,Mabel Matiz,389025,,1.0
Amaarae,"Kali Uchis, Moliy",388709,,1.0
SiM,,387590,,1.0
Brenda Lee,,383709,,1.0
Sam Ryder,,378046,,1.0
Rosa Linn,,374831,,2.0
James Hype,Miggy Dela Rosa,363057,,0.0
Yng Lvcas,Peso Pluma,355514,,0.0
Ovy On The Drums,"Quevedo, Karol G",341266,,1.0
Thezth,"utku INC, Styrx",339799,,0.0
Ludwig Goransson,Foudeqush,327377,,1.0
Mambo Kingz,"DJ Luian, Anuel Aa",321629,,2.0
The Ronettes,,302460,,1.0
MNEK,Jax Jones,289128,,1.0
Roger,"2Pac, Dr. Dre",270394,,1.0
Bradley Cooper,Lady Gaga,252676,,1.0
Villano Antillano,Bizarrap,245070,,1.0
Nicky Youre,Dazy,243781,,1.0
HA SUNG WOON,Jimin,241371,,1.0
Imanbek,BYOR,235247,,1.0
Pnau,"Elton John, Dua Lipa",233625,,1.0
Leah Kate,,226236,,1.0
Altamash Faridi,"Sachin-Jigar, Shadab Faridi, Amitabh Bhattacharya, Varun Jain",208341,,1.0
Sog,"Peso Pluma, Ryan Castro",203132,,1.0
Jack Black,,198665,,1.0
Sky Rompiendo,"Myke Towers, Feid",187962,,1.0
LUM!X,"Gabry Ponte, Prezioso",183191,,1.0
FIFA Sound,"Jung Kook, BTS",181318,,1.0
Arcane,"Imagine Dragons, League of Legends, JID",180336,,2.0
THE ANXIETY,"Tyler Cole, Willow",177593,,1.0
Alejo,"Robi, Feid",176884,,1.0
Emmy Meli,,174512,,0.0
Mae Stephens,,174094,,1.0
NEIKED,"Polo G, Mae Muller",173753,,1.0
sped up nightcore,"Lil Uzi Vert, ARIZONATEARS",170496,,1.0
LiL CaKe,"Migrantes, Nico Valdi",170199,,0.0
Blanco,Mahmood,155677,,0.0
Shakin' Stevens,,152931,,1.0
Beth Gibbons,Kendrick Lamar,149272,,1.0
MC Tairon,"Mc Vitin Da Igrejinha, DJ Win",148670,,1.0
Mae Muller,"Polo G, NEIKED",148213,,1.0
Riton,"Dopamine, Nightcrawlers, Mufasa & Hypeman",137188,,1.0
Nile Rodgers,"Daft Punk, Pharrell Williams, LE SSERAFIM",136824,,2.0
Yoko Ono,"The Harlem Community Choir, John Lennon, The Plastic Ono Band",135384,,1.0
Kumaar,"Shilpa Rao, Sukriti Kakar, Vishal Dadlani, Arijit Singh, Shekhar Ravjiani, Vishal-Shekhar, Caralisa Monteiro",135346,,2.0
Lucenzo,Don Omar,135342,,1.0
Pablito Pesadilla,"Polima WestCoast, Fran C, Nickoog Clk",132407,,0.0
Luude,Colin Hay,130746,,1.0
Maldy,Karol G,129156,,0.0
Southstar,,128483,,0.0
ACRAZE,Cherish,128053,,1.0
Prezioso,"LUM!X, Gabry Ponte",127532,,1.0
Colin Hay,Luude,115581,,1.0
Shadab Faridi,"Sachin-Jigar, Amitabh Bhattacharya, Varun Jain, Altamash Faridi",105820,,1.0
zzoilo,Aitana,99538,,0.0
Burl Ives,,99147,,1.0
Fran C,"Polima WestCoast, Pablito Pesadilla, Nickoog Clk",99062,,0.0
Buscabulla,Bad Bunny,94845,,1.0
Flowdan,"Skrillex, Fred again..",94582,,1.0
Dj Yo!,"Ckay, AX'EL",86395,,0.0
Musical Youth,,84668,,1.0
Encanto - Cast,"Carolina Gaitan, Diane Guerrero, Stephanie Beatriz, Rhenzy Feliz, Mauro Castillo, Adassa, Olga Merediz",81219,,2.0
Robi,"Alejo, Feid",78984,,1.0
Supernova Ent,"Bvga Beatz, Prod Malax, Veigh",74995,,0.0
LF System,,74719,,1.0
Ray Dalton,"Ryan Lewis, Macklemore",74214,,1.0
MC MENOR HR,"MC MENOR SG, DJ Escobar",71761,,0.0
Beam,"Metro Boomin, Don Toliver, Toian, WizKid",71679,,0.0
Taiu,Milo j,71062,,1.0
Jnr Choi,,69421,,0.0
Chanel,,68318,,1.0
Carolina Gaitan,"Diane Guerrero, Stephanie Beatriz, Rhenzy Feliz, Mauro Castillo, Adassa, Encanto - Cast",63619,,1.0
Caralisa Monteiro,"Shilpa Rao, Vishal Dadlani, Shekhar Ravjiani, Vishal-Shekhar, Kumaar",62489,,1.0
Eliza Rose,Interplanetary Criminal,62140,,1.0
Bvga Beatz,"Prod Malax, Veigh, Supernova Ent",59454,,0.0
Stephanie Beatriz,"Encanto - Cast, Carolina Gaitan, Diane Guerrero, Rhenzy Feliz, Mauro Castillo, Adassa, Olga Merediz",57483,,3.0
Nightcrawlers,"Dopamine, Riton, Mufasa & Hypeman",57089,,1.0
Darlene Love,,57008,,1.0
Riar Saab,Abhijay Sharma,56013,,1.0
Edison Lighthouse,,53975,,0.0
MC Xenon,Os Gemeos da Putaria,50917,,0.0
sped up 8282,,48968,,0.0
Bobby Helms,,45931,,1.0
Aqua,"Nicki Minaj, Ice Spice",44286,,1.0
Foudeqush,Ludwig Goransson,43475,,1.0
Varun Jain,"Sachin-Jigar, Shadab Faridi, Amitabh Bhattacharya, Altamash Faridi",42262,,1.0
Interplanetary Criminal,Eliza Rose,41681,,1.0
Mauro Castillo,"Carolina Gaitan, Diane Guerrero, Stephanie Beatriz, Rhenzy Feliz, Adassa, Encanto - Cast",40848,,1.0
The Plastic Ono Band,"The Harlem Community Choir, John Lennon, Yoko Ono",38922,,1.0
Rosa Walton,Hallie Coggins,35380,,1.0
Anitta,"Becky G, Tini",35304,,1.0
Ryan Lewis,"Macklemore, Ray Dalton",34612,,1.0
Stars Music Chile,"NICKI NICOLE, Duki, Standly, Cris Mj",34564,,0.0
Amitabha Bhattacharya,"Sachin-Jigar, Arijit Singh",33546,,1.0
Tyler Cole,"THE ANXIETY, Willow",32772,,1.0
Tanna Leone,Kendrick Lamar,32137,,1.0
PR1ISVX,Kanii,31775,,1.0
Band Aid,,31674,,1.0
L.V.,Coolio,31364,,1.0
Nico Valdi,"Migrantes, LiL CaKe",31121,,0.0
Treyce,,28861,,1.0
BYOR,Imanbek,28519,,1.0
Kyla,"WizKid, Drake",25169,,1.0
Jessica Darrow,,24701,,1.0
Abhijay Sharma,Riar Saab,24479,,1.0
DJ 900,Mc Pedrinho,23838,,1.0
Os Gemeos da Putaria,MC Xenon,23245,,0.0
Bianca,"DJ Biel do Furduncinho, L7nnon",19583,,0.0
Moliy,"Kali Uchis, Amaarae",19469,,1.0
Dina Rae,Eminem,18790,,1.0
Mainstreet,Chefin,17814,,1.0
Roisee,"A$AP Rocky, Metro Boomin",17134,,1.0
Sam Dew,"Kendrick Lamar, Baby Keem",17129,,1.0
Dazy,Nicky Youre,16947,,1.0
Mufasa & Hypeman,"Dopamine, Riton, Nightcrawlers",16461,,1.0
Prod Malax,"Bvga Beatz, Veigh, Supernova Ent",15520,,0.0
DJ Biel do Furduncinho,"Bianca, L7nnon",14883,,0.0
The Fontane Sisters,"Perry Como, Mitchell Ayres & His Orchestra",14533,,1.0
Taylour Paige,Kendrick Lamar,13767,,1.0
Amanda Reifer,"Kendrick Lamar, Blxst",12733,,1.0
Miggy Dela Rosa,James Hype,11185,,0.0
Mc Vitin Da Igrejinha,"DJ Win, MC Tairon",11043,,1.0
Diane Guerrero,"Carolina Gaitan, Stephanie Beatriz, Rhenzy Feliz, Mauro Castillo, Adassa, Encanto - Cast",11031,,2.0
MC MENOR SG,"DJ Escobar, MC MENOR HR",10290,,0.0
Adassa,"Carolina Gaitan, Diane Guerrero, Stephanie Beatriz, Rhenzy Feliz, Mauro Castillo, Encanto - Cast",8288,,1.0
ARIZONATEARS,"sped up nightcore, Lil Uzi Vert",8129,,1.0
La Kelly,Cartel De Santa,7966,,1.0
Toian,"Metro Boomin, Beam, Don Toliver, WizKid",5476,,0.0
Hallie Coggins,Rosa Walton,4599,,1.0
AX'EL,"Ckay, Dj Yo!",3924,,0.0
Styrx,"utku INC, Thezth",2737,,0.0
Olga Merediz,"Encanto - Cast, Stephanie Beatriz",2737,,1.0
Rhenzy Feliz,"Carolina Gaitan, Diane Guerrero, Stephanie Beatriz, Mauro Castillo, Adassa, Encanto - Cast",2493,,1.0
MÃ¯Â¿Â½Ã¯Â¿Â½ne,,2261,,0.0
Ayparia,unxbected,1945,,1.0
Mitchell Ayres & His Orchestra,"Perry Como, The Fontane Sisters",998,,1.0
Ugly Dray,Tesla Jnr,833,,1.0
B. Swanson Quartet,Frank Sinatra,794,,1.0
John Scott Trotter & His Orchestra,"Ken Darby Singers, Bing Crosby",651,,1.0
Ken Darby Singers,"John Scott Trotter & His Orchestra, Bing Crosby",587,,1.0
Huilen Toledo,Juan Cruz Toledo,478,,1.0
The Harlem Community Choir,"John Lennon, Yoko Ono, The Plastic Ono Band",463,,1.0
Chris Molitor,,439,,1.0
DJ Escobar,"MC MENOR SG, MC MENOR HR",156,,0.0
Intense,"AP Dhillon, Gurinder Gill",83,,1.0
Tesla Jnr,Ugly Dray,60,,1.0
utku INC,"Thezth, Styrx",33,,0.0
unxbected,Ayparia,28,,1.0
Juan Cruz Toledo,Huilen Toledo,27,,1.0
GODZZ__-,Zakaria,9,,0.0
DJ Win,"Mc Vitin Da Igrejinha, MC Tairon",2,,1.0
